name,price,link
Glenfiddich 21 Year Old, 150.00,https://www.whiskyshop.com/glenfiddich-21-year-old-gran-reserva
Macallan 1980 Exceptional Cask #4063,"6,000.00",https://www.whiskyshop.com/macallan-1980-exceptional-cask-4063
Macallan The Coronation,"8,995.00",https://www.whiskyshop.com/macallan-the-coronation
Macallan 2005 Exceptional Cask #5223-10 2017 Release,"4,860.00",https://www.whiskyshop.com/macallan-2005-exceptional-cask-5223-10-2017-release
Old Malt Cask Tamdhu 2014 7 Year Old,70.00,https://www.whiskyshop.com/old-malt-cask-tamdhu-2014-7-year-old
Old Malt Cask Craigellachie 2008 14 Year Old,105.00,https://www.whiskyshop.com/old-malt-cask-craigellachie-2008-14-year-old
Old Malt Cask Craigellachie 2006 15 Year Old,108.00,https://www.whiskyshop.com/old-malt-cask-craigellachie-2006-15-year-old
anCnoc 2006 Sherry Cask,145.00,https://www.whiskyshop.com/ancnoc-2006-sherry-cask-tws-exclusive
GlenAllachie 3x5cl Triple Pack,30.00,https://www.whiskyshop.com/glenallachie-3x5cl-triple-pack
Macallan 10 Year Old (Full Proof) Giovinetti & Figli,"4,250.00",https://www.whiskyshop.com/macallan-10-year-old-full-proof-giovinetti-figli
Glenfiddich Orchard Experimental Series,41.95,https://www.whiskyshop.com/glenfiddich-orchard-experimental-series
Macallan 25 Year Old Sherry Oak Pre 2018,"5,280.00",https://www.whiskyshop.com/macallan-25-year-old-sherry-oak-pre-2018
Glenfiddich 30 Year Old Suspended Time,930.00,https://www.whiskyshop.com/glenfiddich-30-year-old-re-imagination-of-time
Glenfarclas 15 Year Old Gift Pack (Glenfarclas 105 & 25 Year Old 5cl),75.00,https://www.whiskyshop.com/glenfarclas-15-year-old-gift-pack-glenfarclas-105-25-year-old-5cl
Private Collection Benrinnes 1978 #1636,"2,099.00",https://www.whiskyshop.com/private-collection-benrinnes-1978-1636
Darkness Mortlach 20 Year Old Oloroso Cask,179.95,https://www.whiskyshop.com/darkness-mortlach-20-year-old-oloroso-cask
Darkness Glenrothes 12 Year Old Oloroso Cask,84.95,https://www.whiskyshop.com/darkness-glenrothes-12-year-old-oloroso-cask
Darkness Craigellachie 10 Year Old Oloroso Cask,109.95,https://www.whiskyshop.com/darkness-craigellachie-10-year-old-oloroso-cask
Darkness Balmenach 16 Year Old Oloroso Cask,119.95,https://www.whiskyshop.com/darkness-balmenach-16-year-old-oloroso-cask
Macallan 1997 Easter Elchies 2010 13 Year Old,"8,400.00",https://www.whiskyshop.com/macallan-1997-easter-elchies-2010-13-year-old
Macallan 1996 Easter Elchies 2013 17 Year Old,"7,999.00",https://www.whiskyshop.com/macallan-1996-easter-elchies-2013-17-year-old
Cragganmore 25 Year Old Authors' Series,450.00,https://www.whiskyshop.com/cragganmore-25-year-old-author-series
Linkwood 1991 30 Year Old Connoisseurs Choice,629.00,https://www.whiskyshop.com/linkwood-1991-30-year-old-connoisseurs-choice
Linkwood 15 Year Old Distillery Labels,69.00,https://www.whiskyshop.com/linkwood-15-year-old-distillery-labels
Glen Grant 1952 Platinum Jubilee 70 Year Old #381,"20,000.00",https://www.whiskyshop.com/glen-grant-1952-platinum-jubilee-70-year-old-381
First Editions Benrinnes 2010 11 Year Old,80.00,https://www.whiskyshop.com/first-editions-benrinnes
First Editions Dailuaine 2010 12 Year Old,86.00,https://www.whiskyshop.com/first-editions-daliuaine-2010-12-year-old
First Editions Auchroisk 2010 11 Year Old,80.00,https://www.whiskyshop.com/first-editions-auchroisk-2010-11-year-old
First Editions Inchgower 2008 13 Year Old,87.00,https://www.whiskyshop.com/first-edition-inchgower-2008-13-year-old
Miltonduff 10 Year Old Gordon & MacPhail Discovery Series,48.00,https://www.whiskyshop.com/g-m-discovery-miltonduff-10-year-old
Old Malt Cask Glen Moray 2007 14 Year Old,92.00,https://www.whiskyshop.com/old-malt-cask-glen-moray-2007-14-year-old
Old Malt Cask Linkwood 2002 18 Year Old,167.00,https://www.whiskyshop.com/old-malt-cask-linkwood-2002-18-year-old
GlenAllachie 8 Year Old,43.99,https://www.whiskyshop.com/glenallachie-8-year-old
Chivas Regal 12 Year Old 4.5 Litre,219.00,https://www.whiskyshop.com/chivas-regal-12-year-old-4-5-litre
Longmorn 23 Year Old,399.00,https://www.whiskyshop.com/longmorn-23-year-old
Glenlivet 1978 Private Collection,"2,099.00",https://www.whiskyshop.com/glenlivet-1978-private-collection
Glenlivet 1976 Private Collection,"2,349.00",https://www.whiskyshop.com/glenlivet-1976-private-collection
Mortlach 1978 Private Collection,"2,099.00",https://www.whiskyshop.com/mortlach-1978-private-collection
Mossburn Craigellachie 2007 13 Year Old,64.95,https://www.whiskyshop.com/mossburn-craigellachie-2007-13-year-old
Longmorn 18 Year Old,88.00,https://www.whiskyshop.com/longmorn-18-year-old
Glen Keith 25 Year Old,365.00,https://www.whiskyshop.com/glen-keith-25-year-old
Glen Keith 21 Year Old,160.00,https://www.whiskyshop.com/glen-keith-21-year-old
Benriach The Smoky Twelve,48.00,https://www.whiskyshop.com/benriach-the-smoky-twelve
Balvenie 16 Year Old French Oak,130.00,https://www.whiskyshop.com/balvenie-16-year-old-french-oak
Macduff 21 Year Old Batch 7 That Boutique-y Whisky Company,103.95,https://www.whiskyshop.com/macduff-21-year-old-batch-7-that-boutique-y-whisky-company
Berry Bros. & Rudd Glen Grant 1998 #13214,230.00,https://www.whiskyshop.com/berry-bros-rudd-glen-grant-1998-13214
Benriach The Twelve,42.00,https://www.whiskyshop.com/benriach-the-twelve
Cardhu 11 Year Old Special Releases 2020,88.00,https://www.whiskyshop.com/cardhu-11-year-old-special-releases-2020
Glenfarclas 10 Year Old Single Malt,36.00,https://www.whiskyshop.com/glenfarclas-10-year-old-single-malt
Glenfarclas 12 Year Old Single Malt,42.00,https://www.whiskyshop.com/glenfarclas-12-year-old-single-malt
Glenfarclas 105 Cask Strength,55.95,https://www.whiskyshop.com/glenfarclas-105-cask-strength
The Glenlivet Spectra,110.00,https://www.whiskyshop.com/glenlivet-spectra
Macallan Exceptional Single Cask 2019/ESB-5542/02,"8,520.00",https://www.whiskyshop.com/macallan-exceptional-single-cask-2019-esb-5542-02
Glen Moray Rhum Agricole,61.00,https://www.whiskyshop.com/glen-moray-rhum-agricole
The Octave Glenrothes 2009 12 Year Old,120.00,https://www.whiskyshop.com/the-octave-glenrothes-2009-12-year-old
Macallan Fine Oak 21 Year Old,"2,100.00",https://www.whiskyshop.com/macallan-fine-oak-21-year-old
Glenrothes Whisky Maker's Cut,56.00,https://www.whiskyshop.com/glenrothes-whisky-maker-s-cut
Benromach 15 Year Old,66.00,https://www.whiskyshop.com/benromach-15-year-old
Benromach Cara Gold,50.00,https://www.whiskyshop.com/benromach-cara-gold
Cragganmore Distillers Edition 2021,63.00,https://www.whiskyshop.com/cragganmore-distillers-edition-2021
Aberlour Aâ€™bunadh Alba,85.00,https://www.whiskyshop.com/aberlour-abunadh-alba
Mortlach 15 Year Old - Game of Thrones Six Kingdoms,125.00,https://www.whiskyshop.com/mortlach-15-year-old-game-of-thrones-six-kingdoms
The Octave Dalmunach 2015 6 Year Old #10831766,80.00,https://www.whiskyshop.com/the-octave-dalmunach-2015-6-year-old-10831766
The Octave Dalmunach 2016 5 Year Old #10831623,80.00,https://www.whiskyshop.com/theoctave-dalmunach-2016-5-year-old-10831623
GlenAllachie 15 Year Old,67.00,https://www.whiskyshop.com/glenallachie-15-year-old
The Loch Fyne Gift Box Pick 'n' Mix,38.00,https://www.whiskyshop.com/the-loch-fyne-gift-builder
Strathisla 2008 13 Year Old Connoisseurs Choice UK Exclusive 21/184,99.00,https://www.whiskyshop.com/strathisla-13-year-old-2008-connoisseurs-choice-uk-exclusive
Glenfiddich Grand Cru 23 Year Old, 240.00,https://www.whiskyshop.com/glenfiddich-grand-cru-23-year-old
Speyburn Bradan Orach,36.00,https://www.whiskyshop.com/speyburn-bradan-orach
Benriach 12 Year Old Tasting Set,14.00,https://www.whiskyshop.com/benriach-12-year-old-tasting-set
Benriach 10 Year Old Tasting Set,12.00,https://www.whiskyshop.com/benriach-10-year-old-tasting-set
Murray McDavid Linkwood 2008 13 Year Old ,105.00,https://www.whiskyshop.com/murray-mcdavid-linkwood-2008-13-year-old
Benromach Cask Strength 2009,57.00,https://www.whiskyshop.com/benromach-cask-strength-2009
Macallan Private Eye,"9,950.00",https://www.whiskyshop.com/macallan-private-eye
The Singleton of Glen Ord 39 Year Old ,"2,295.00",https://www.whiskyshop.com/the-singleton-of-dufftown-39-year-old
Balvenie The Week of Peat 14 Year Old,68.00,https://www.whiskyshop.com/balvenie-the-week-of-peat-14-year-old
Balvenie The Sweet Toast of American Oak 12 Year Old,47.00,https://www.whiskyshop.com/balvenie-the-sweet-toast-of-american-oak-12-year-old
anCnoc 2009 Limited Release ,49.95,https://www.whiskyshop.com/ancnoc-2009-limited-release
BenRiach 2009 11 Year Old Cask #4833 Batch 17 ,90.00,https://www.whiskyshop.com/benriach-2009-11-year-old-cask-4833-batch-17
Balvenie 1971 DCS Chapter 4,"20,995.00",https://www.whiskyshop.com/balvenie-1971-dcs-chapter-4
Glen Moray Mastery,930.00,https://www.whiskyshop.com/glen-moray-mastery
BenRiach 12 Year Old #4830 ,102.00,https://www.whiskyshop.com/benriach-12-year-old-4830
Macallan 30 Year Old Double Cask 2021,"4,999.00",https://www.whiskyshop.com/macallan-30-year-old-double-cask-2021
The Glenlivet Founder's Reserve,34.00,https://www.whiskyshop.com/the-glenlivet-founder-s-reserve
Glenfarclas 1984 ,"5,500.00",https://www.whiskyshop.com/glenfarclas-1984
Cardhu 14 Year Old Diageo Special Release 2021,120.00,https://www.whiskyshop.com/cardhu-14-year-old-diageo-special-release-2021
Mortlach 13 Year Old Diageo Special Release 2021 ,135.00,https://www.whiskyshop.com/mortlach-13-year-old-diageo-special-release-2021
Glenfarclas 1975 ,"5,900.00",https://www.whiskyshop.com/glenfarclas-1975
Glenfarclas 1974,"3,500.00",https://www.whiskyshop.com/glenfarclas-1974
Singleton of Glendullan 19 Year Old Diageo Special Release 2021,140.00,https://www.whiskyshop.com/singleton-of-glendullan-19-year-old-diageo-special-release-2021
Darkness Strathisla 15 Year Old Moscatel Cask Finish,181.00,https://www.whiskyshop.com/darkness-strathisla-15-year-old-moscatel-cask-finish
Glenfarclas 1973,"3,500.00",https://www.whiskyshop.com/glenfarclas-1973
Glenfarclas 1967,"3,999.00",https://www.whiskyshop.com/glenfarclas-1967
Strathmill 22 Year Old Batch 7 That Boutique-y Whisky Company ,205.00,https://www.whiskyshop.com/strathmill-22-year-old-batch-7-that-boutique-y-whisky-company
Glenfarclas 1965,"3,999.00",https://www.whiskyshop.com/glenfarclas-1965
Glenfarclas 1961,"4,400.00",https://www.whiskyshop.com/glenfarclas-1961
Aultmore 38 Year Old Batch 17 That Boutique-y Whisky Company ,715.00,https://www.whiskyshop.com/aultmore-38-year-old-batch-17-that-boutique-y-whisky-company
Gordon & MacPhail Glenlivet 1949 ,"3,850.00",https://www.whiskyshop.com/glenlivet-1949-gordon-macphail
Glenfarclas 1957,"10,850.00",https://www.whiskyshop.com/glenfarclas-1957
Glenfiddich 15 Year Old Solera 20cl,28.00,https://www.whiskyshop.com/glenfiddich-15-year-old-solera-20cl
Linkwood 1981 Private Collection ,"1,250.00",https://www.whiskyshop.com/linkwood-1981-private-collection
Singleton of Dufftown 25 Year Old,330.00,https://www.whiskyshop.com/singleton-of-dufftown-25-year-old
Cragganmore Distillers Edition ,65.00,https://www.whiskyshop.com/cragganmore-distillers-edition
Strathmill 12 year old ,46.00,https://www.whiskyshop.com/strathmill-12-year-old
Singleton of Dufftown 21 Year Old,180.00,https://www.whiskyshop.com/singleton-of-duffton-21-year-old
Benriach Malting Season,102.00,https://www.whiskyshop.com/benriach-malting-season
Singleton of Dufftown 15 Year Old,50.00,https://www.whiskyshop.com/singleton-of-dufftown-15-year-old
Singleton of Dufftown 18 Year Old,63.00,https://www.whiskyshop.com/singleton-of-dufftown-18-year-old
Glenburgie 1995 25 Year Old Connoisseurs Choice,285.00,https://www.whiskyshop.com/glenburgie-1995-25-year-old-connoisseurs-choice-tws-exclusive
Macallan 18 Year Old Sherry Oak 2021,550.00,https://www.whiskyshop.com/macallan-18-sherry-oak-2021
Knockando 12 year old ,38.00,https://www.whiskyshop.com/knockando-12-year-old
Glenlossie 10 year old,50.00,https://www.whiskyshop.com/glenlossie-10-year-old
Glen Grant 1951 bottled in 2013 ,"3,750.00",https://www.whiskyshop.com/gordon-macphail-glen-grant-1951-60-year-old
Linkwood 1966 Private Collection,"6,500.00",https://www.whiskyshop.com/linkwood-1966-private-collection
The Glenlivet 12 Year Old,37.00,https://www.whiskyshop.com/the-glenlivet-12-year-old
Cragganmore 12 Year Old 20cl,16.00,https://www.whiskyshop.com/cragganmore-12-year-old-20cl
Linkwood 12 year old Flora and Fauna,48.00,https://www.whiskyshop.com/linkwood-12-year-old-flora-and-fauna
Longmorn 1987 33 Year Old Connoisseurs Choice,870.00,https://www.whiskyshop.com/longmorn-1987-33-year-old-connoisseurs-choice
Balvenie Miniature Pack 3x5cl,24.00,https://www.whiskyshop.com/balvenie-miniature-pack-3x5cl
Mannochmore 12 Year Old,81.00,https://www.whiskyshop.com/mannochmore-12-year-old
Strathisla 1987 33 Year Old Connoisseurs Choice,770.00,https://www.whiskyshop.com/strathisla-1987-33-year-old-connoisseurs-choice
Benrinnes 1990 30 Year Old Connoisseurs Choice,505.00,https://www.whiskyshop.com/benrinnes-1990-30-year-old-connoisseurs-choice
Glen Spey 12 Year Old ,48.00,https://www.whiskyshop.com/glen-spey-12-year-old
Aberlour Casg Annamh,55.00,https://www.whiskyshop.com/aberlour-casg-annamh
Glenfiddich Grande Couronne 26 Year Old, 450.00,https://www.whiskyshop.com/glenfiddich-grande-couronne-26-year-old
Benrinnes 15 Year Old,52.00,https://www.whiskyshop.com/benrinnes-15-year-old
Glenrothes 18 Year Old,110.00,https://www.whiskyshop.com/glenrothes-18-year-old
Benriach 21 Year Old The Twenty One,138.00,https://www.whiskyshop.com/benriach-21-year-old-the-twenty-one
Benriach Smoke Season,51.00,https://www.whiskyshop.com/benriach-the-smoke-season
Mortlach 12 Year Old The Wee Witchie,53.00,https://www.whiskyshop.com/mortlach-12-year-old-the-wee-witchie
Mortlach 16 Year Old Distiller's Dram,105.00,https://www.whiskyshop.com/mortlach-16-year-old-distillers-dram
Tamdhu 15 Year Old,83.00,https://www.whiskyshop.com/tamdhu-15-year-old
Tamdhu 12 Year Old,46.00,https://www.whiskyshop.com/tamdhu-12-year-old
Mortlach 20 Year Old Cowie's Blue Seal,199.00,https://www.whiskyshop.com/mortlach-20-year-old-cowie-s-blue-seal
Glenfiddich Fire & Cane,44.00,https://www.whiskyshop.com/glenfiddich-fire-cane
Aberlour 14 Year Old Double Cask ,55.00,https://www.whiskyshop.com/aberlour-14-year-old-double-cask
Benromach 21 Year Old,130.00,https://www.whiskyshop.com/benromach-21-year-old
Benriach 2005 UK Exclusive Pedro Ximenez Cask #5278,105.00,https://www.whiskyshop.com/benriach-2005-uk-exclusive-pedro-ximenez-cask-5278
Macallan M Black,"5,995.00",https://www.whiskyshop.com/macallan-m-black
The Glenlivet Captain's Reserve,47.00,https://www.whiskyshop.com/the-glenlivet-captain-s-reserve
Benriach 2005 UK Exclusive Peated Rum Cask #7553,120.00,https://www.whiskyshop.com/benriach-2005-14-year-old-7553
The Singleton of Glen Ord 38 Year Old Epicurean Odyssey,"2,100.00",https://www.whiskyshop.com/the-singleton-of-glen-ord-38-year-old-epicurean-odyssey
Aberlour 18 Year Old,125.00,https://www.whiskyshop.com/aberlour-18-year-old
BenRiach Heart of Speyside,43.00,https://www.whiskyshop.com/benriach-heart-of-speyside
Aberlour 12 Year Old,41.00,https://www.whiskyshop.com/aberlour-12-year-old
Singleton of Dufftown 12 Year Old Tumbler Gift Set,42.00,https://www.whiskyshop.com/singleton-of-dufftown-12-year-old-tumbler-gift-set
Gordon & MacPhail Glen Grant 1954 59 Year Old,"2,500.00",https://www.whiskyshop.com/gordon-macphail-glen-grant-1954-59-year-old
Benromach 10 Year Old,37.00,https://www.whiskyshop.com/benromach-10-year-old
Benromach Organic,46.00,https://www.whiskyshop.com/benromach-organic
Gordon & MacPhail Mortlach 1949 51 Year Old,"3,999.00",https://www.whiskyshop.com/gordon-macphail-mortlach-1949-51-year-old
Macallan 50 Year Old Red Collection,"69,950.00",https://www.whiskyshop.com/macallan-50-year-old-red-collection
Golden Cask Speyside 23 Year Old,115.00,https://www.whiskyshop.com/golden-cask-speyside-23-year-old
Cragganmore 12 Year Old,38.00,https://www.whiskyshop.com/cragganmore-12-year-old
Glen Moray 18 Year Old,76.00,https://www.whiskyshop.com/glen-moray-18-year-old
Speyburn 15 Year Old,59.00,https://www.whiskyshop.com/speyburn-15-year-old
Benriach The Smoky Ten,42.00,https://www.whiskyshop.com/benriach-the-smoky-ten
Benriach The Original Ten,37.00,https://www.whiskyshop.com/benriach-the-original-ten
Glenfiddich 15 Year Old Solera,48.00,https://www.whiskyshop.com/glenfiddich-15-year-old-solera
Glen Moray 15 Year Old,51.00,https://www.whiskyshop.com/glen-moray-15-year-old
Speyburn 10 Year Old,38.00,https://www.whiskyshop.com/speyburn-10-year-old
Dailuaine 16 Year Old,59.00,https://www.whiskyshop.com/dailuaine-16-year-old
Balvenie 14 Year Old Caribbean Cask,60.00,https://www.whiskyshop.com/balvenie-14-year-old-caribbean-cask
Glen Moray 12 Year Old,37.00,https://www.whiskyshop.com/glen-moray-12-year-old
Kininvie 23 Year Old Batch 3,115.00,https://www.whiskyshop.com/kininvie-23-year-old-batch-3
The Glenlivet 15 Year Old,55.00,https://www.whiskyshop.com/the-glenlivet-15-year-old
Cardhu 15 Year Old,50.00,https://www.whiskyshop.com/cardhu-15-year-old
Balvenie 12 Year Old Single Barrel First Fill,63.00,https://www.whiskyshop.com/balvenie-12-year-old-single-barrel-first-fill
Singleton of Dufftown 12 Year Old,37.00,https://www.whiskyshop.com/singleton-of-dufftown-12-year-old
GlenDronach 12 Year Old,45.00,https://www.whiskyshop.com/glendronach-12-year-old
Craigellachie 13 Year Old,52.00,https://www.whiskyshop.com/craigellachie-13-year-old
Cardhu 12 Year Old,39.00,https://www.whiskyshop.com/cardhu-12-year-old
Balvenie 12 Year Old DoubleWood,47.00,https://www.whiskyshop.com/balvenie-12-year-old-doublewood
Auchroisk 10 Year Old,50.00,https://www.whiskyshop.com/auchroisk-10-year-old
The Singleton 54 Year Old Paragon of Time II,"28,850.00",https://www.whiskyshop.com/singleton-54-year-old
The Octave Aultmore 2008 13 Year Old TWS Edinburgh Exclusive,125.00,https://www.whiskyshop.com/the-octave-aultmore-2008-13-year-old-tws-exclusive
Tamdhu 2006 15 Year Old #2165,Soled Out,https://www.whiskyshop.com/tamdhu-2006-2165
The Octave An Iconic Speyside 2010 11 Year Old #2933337,99.00,https://www.whiskyshop.com/the-octave-an-iconic-speyside-2010-11-year-old-2933337
Benromach 2012 #350 First Fill Sherry,Soled Out,https://www.whiskyshop.com/benromach-2012-first-fill-sherry-tws-exclusive
BenRiach 30 Year Old ,650.00,https://www.whiskyshop.com/benriach-30-year-old
The Glenlivet 80 Year Old Generations Gordon & MacPhail,"100,000.00",https://www.whiskyshop.com/glenlivet-80-year-old-generations
Macallan 18 Year Old Double Cask 2021,325.00,https://www.whiskyshop.com/macallan-18-year-old-double-cask-2021
Glen Moray 2008 Warehouse 1 Manzanilla Finish,74.95,https://www.whiskyshop.com/glen-moray-2008-warhouse-1-manzanilla-finish
Macallan A Night on Earth in Scotland,Soled Out,https://www.whiskyshop.com/macallan-a-night-on-earth-in-scotland
The Macallan Harmony Collection Rich Cacao,Soled Out,https://www.whiskyshop.com/the-macallan-harmony-collection-rich-cacao
Glenglassaugh 10 Year Old Cask #2140 ,91.00,https://www.whiskyshop.com/glenglassaugh-10-year-old-cask-2140
Darkness Craigellachie 11 Year Old Moscatel Cask Finish ,95.00,https://www.whiskyshop.com/darkness-craigellachie-11-year-old-moscatel-cask-finish
Balvenie Tun 1509 Batch 8 ,330.00,https://www.whiskyshop.com/balvenie-tun-1509-batch-8
Glen Moray Warehouse 1 1998 Barolo Finish ,145.00,https://www.whiskyshop.com/glen-moray-warehouse-1-1998-barolo-finish
First Editions Mortlach 2010,81.00,https://www.whiskyshop.com/first-editions-mortlach-2010-11-year-old
First Editions Glen Moray 2007 14 Year Old,95.00,https://www.whiskyshop.com/first-edition-glen-moray-2007-14-year-old
Glenglassaugh 50 Year Old,"5,500.00",https://www.whiskyshop.com/glenlassaugh-50-year-old
Rare Find Allt a Bhaine 24 Year Old,156.00,https://www.whiskyshop.com/allt-a-bhaine-1996-rare-find-tws-exclusive
Rare Find Speyside 1982 39 Year Old,385.00,https://www.whiskyshop.com/rare-find-speyside-1982-39-year-old
First Editions Glenburgie 2007,90.00,https://www.whiskyshop.com/first-editions-glenburgie-2007-13-year-old
First Editions Tamnavulin 2010,72.00,https://www.whiskyshop.com/first-editions-tamnavulin-2010-10-year-old
Benriach 25 Year Old The Twenty Five,312.00,https://www.whiskyshop.com/benriach-25-year-oldd
First Editions Auchroisk 2011,70.00,https://www.whiskyshop.com/first-editions-auchroisk-2011-9-year-old
Old Malt Cask Mortlach 13 Year Old,100.00,https://www.whiskyshop.com/old-malt-cask-mortlach-13-year-old
First Editions Dailuaine 2008,85.00,https://www.whiskyshop.com/first-editions-dailuaine-2008-11-year-old
First Editions Aultmore 2010,72.00,https://www.whiskyshop.com/first-editions-aultmore-2010-10-year-old
The Loch Fyne Craigellachie 12 Year Old ,83.00,https://www.whiskyshop.com/the-loch-fyne-craigellachie-12-year-old
Mortlach 21 Year Old Special Releases 2020,595.00,https://www.whiskyshop.com/mortlach-21-year-old-special-releases-2020
Singleton 17 Year Old Special Releases 2020,115.00,https://www.whiskyshop.com/singleton-17-year-old-special-releases-2020
Glen Moray Madeira Cask Project,Soled Out,https://www.whiskyshop.com/glen-moray-madeira-cask-project
Glenkeir Treasures Twin Casks Secret Speyside 9 Year Old,68.00,https://www.whiskyshop.com/glenkeir-treasures-twin-casks-secret-speyside-9-year-old
Old Malt Cask Longmorn 21 Year Old,156.00,https://www.whiskyshop.com/old-malt-cask-longmorn-21-year-old
Glenrothes 1988,365.00,https://www.whiskyshop.com/glenrothes-1988
First Editions Mortlach 2007 11 Year Old,88.00,https://www.whiskyshop.com/first-editions-mortlach-2007-11-year-old
First Editions Craigellachie 2011,72.00,https://www.whiskyshop.com/first-editions-craigellachie-2011-8-year-old
Macallan Exceptional Single Cask 1950,Soled Out,https://www.whiskyshop.com/macallan-exceptional-single-cask-1950
The Loch Fyne Aultmore 12 Year Old, 83.00,https://www.whiskyshop.com/the-loch-fyne-aultmore-12-year-old
Compass Box Myths & Legends II,135.00,https://www.whiskyshop.com/compass-box-myths-legends-ii
First Editions Mortlach 2009,71.00,https://www.whiskyshop.com/first-editions-mortlach-2009
Glenkeir Treasures Speyburn 10 Year Old 10cl,13.00,https://www.whiskyshop.com/glenkeir-treasures-speyburn-10-year-old-20cl
Glenkeir Treasures Speyburn 10 Year Old 20cl,26.00,https://www.whiskyshop.com/glenkeir-treasures-speyburn-10-year-old-20cl-2933
Glenkeir Treasures Secret Speyside 8 Year Old 10cl,13.00,https://www.whiskyshop.com/glenkeir-treasures-secret-speyside-8-year-old-1
Glenkeir Treasures Secret Speyside 8 Year Old 20cl,26.00,https://www.whiskyshop.com/glenkeir-treasures-secret-speyside-8-year-old-20cl
Glenkeir Treasures Secret Speyside 8 Year Old ,55.00,https://www.whiskyshop.com/glenkeir-treasures-secret-speyside-8-year-old
First Editions Tamdhu 2007 11 Year Old,76.00,https://www.whiskyshop.com/first-editions-tamdhu-2007
First Editions Craigellachie 2006,79.00,https://www.whiskyshop.com/first-editions-craigellachie-2006
First Editions Benrinnes 2010,68.00,https://www.whiskyshop.com/first-editions-benrinnes-2010
Old Malt Cask Glenburgie 19 Year Old,130.00,https://www.whiskyshop.com/old-malt-cask-glenburgie-19-year-old
Authors' Series Probably Speyside's Finest 1968 50 Year Old - Nathaniel Hawthorne ,"2,750.00",https://www.whiskyshop.com/authors-series-speyside-s-finest-1967-50-year-old-nathaniel-hawthorne
Authors' Series Tormore 1988 30 Year Old - Charles Baudelaire,435.00,https://www.whiskyshop.com/tormore-1988-30-year-old-authors-series-charles-baudelaire
Old Malt Cask Tamdhu 8 Year Old 20cl,31.00,https://www.whiskyshop.com/old-malt-cask-tamdhu-8-year-old-20cl
Glenfiddich 30 Year Old ,600.00,https://www.whiskyshop.com/glenfiddich-30-year-old
Glenfarclas 1960,"4,400.00",https://www.whiskyshop.com/glenfarclas-1960
First Editions Speyburn 2006,76.00,https://www.whiskyshop.com/first-editions-speyburn-2006
Glen Grant 30 Year Old Platinum Old & Rare,470.00,https://www.whiskyshop.com/glen-grant-30-year-old-platinum-old-rare
The Last Drop Glenrothes 1968 Cask 13504,"5,400.00",https://www.whiskyshop.com/the-last-drop-glenrothes-1968-cask-13504
The Last Drop Glenrothes 1968 Cask 13508,"5,400.00",https://www.whiskyshop.com/the-last-drop-glenrothes-1968-cask-13508
Convalmore 32 Year Old 2017 Special Release,"1,350.00",https://www.whiskyshop.com/convalmore-32-year-old-2017-special-release
Macallan No 6 1824 Series ,Soled Out,https://www.whiskyshop.com/macallan-no-6-1824-series
Old Malt Cask Mortlach 10 Year Old,98.00,https://www.whiskyshop.com/old-malt-cask-mortlach-10-year-old
The Loch Fyne Glentauchers 10 Year Old,67.00,https://www.whiskyshop.com/the-loch-fyne-glentauchers-10-year-old
Balvenie 30 Year Old ,"1,850.00",https://www.whiskyshop.com/balvenie-30-year-old
Glenrothes 1976,"1,000.00",https://www.whiskyshop.com/glenrothes-1976
The Loch Fyne Craigellachie 10 Year Old 2007,72.00,https://www.whiskyshop.com/the-loch-fyne-craigellachie-10-year-old-2007
Macallan 25 Year Old Sherry Oak ,"2,950.00",https://www.whiskyshop.com/macallan-25-year-old-sherry-oak-2020
First Editions Benrinnes 2005 12 Year Old,80.00,https://www.whiskyshop.com/first-editions-benrinnes-2005
Probably Speyside's Finest 50 Year Old Platinum Old & Rare,"2,000.00",https://www.whiskyshop.com/probably-speyside-s-finest-50-year-old-platinum-old-rare
Glen Elgin 18 Year Old 2017 Special Release,310.00,https://www.whiskyshop.com/glen-elgin-18-year-old-2017-special-release
Old Malt Cask Mortlach 8 Year Old 20cl,32.00,https://www.whiskyshop.com/old-malt-cask-mortlach-8-year-old-20cl
Balvenie A Rare Discovery from Distant Shores 27 Year Old,"1,120.00",https://www.whiskyshop.com/balvenie-27-year-old-a-rare-discovery-from-distant-shores
Ballot: Macallan Distil Your World New York,Soled Out,https://www.whiskyshop.com/macallan-distil-your-world-new-york
Connoisseurs Choice Upper Glentauchers 1990 #14520,Soled Out,https://www.whiskyshop.com/connoisseurs-choice-upper-glentauchers-1990-14520
Connoisseurs Choice Upper Tormore 1991 #15386,Soled Out,https://www.whiskyshop.com/connoisseurs-choice-upper-tormore-1991-15386
Macallan Rare Cask 2022,Soled Out,https://www.whiskyshop.com/macallan-rare-cask-2022
Macallan 18 Year Old Sherry Cask 2022,450.00,https://www.whiskyshop.com/macallan-18-year-old-sherry-cask-2022
Benromach Peat Smoke 2009,Soled Out,https://www.whiskyshop.com/benromach-peat-smoke-2009
Glenburgie 1990 31 Year Old Connoisseurs Choice ,Soled Out,https://www.whiskyshop.com/glenburgie-1990-31-year-old-connoisseurs-choice
Miltonduff 1990 31 Year Old Connoisseurs Choice #19440,Soled Out,https://www.whiskyshop.com/miltonduff-1990-31-year-old-connoisseurs-choice-19440
Old Malt Cask Mortlach 2007 14 Year Old,105.00,https://www.whiskyshop.com/old-malt-cask-mortlach-2007-14-year-old
Tamdhu Batch Strength (Batch 6),Soled Out,https://www.whiskyshop.com/tamdhu-batch-strength-batch-6
Tamdhu 18 Year Old,140.00,https://www.whiskyshop.com/tamdhu-18-year-old
Macallan Private Eye,Soled Out,https://www.whiskyshop.com/macallan-private-eye-1153
GlenDronach Cask Strength Batch 10,77.00,https://www.whiskyshop.com/glendronach-cask-strength-batch-10
Mortlach 1988 33 Year Old Connoisseurs Choice,Soled Out,https://www.whiskyshop.com/mortlach-1988-33-year-old-connoisseurs-choice
Mossburn Auchroisk 2007 14 Year Old,Soled Out,https://www.whiskyshop.com/mossburn-auchroisk-2007-14-year-old
Mossburn Linkwood 2007 14 Year Old,Soled Out,https://www.whiskyshop.com/mossburn-linkwood-2007-14-year-old
Berry Bros. & Rudd Glentauchers 1996 #3977,Soled Out,https://www.whiskyshop.com/berry-bros-rudd-glentauchers-1996-3977
Glendronach 33 Year Old,Soled Out,https://www.whiskyshop.com/glendronach-33-year-old
Glenfarclas 15 Year Old,Soled Out,https://www.whiskyshop.com/glenfarclas-15-year-old-single-malt
First Editions Craigellachie 2009 12 Year Old,87.00,https://www.whiskyshop.com/first-editions-craigellachie-2009-12-year-old
Benromach 1969,Soled Out,https://www.whiskyshop.com/benromach-1969
Macallan 10 Year Old 100 Proof 1990s,Soled Out,https://www.whiskyshop.com/macallan-10-year-old-100-proof-1990s
Macallan 2003 14 Year Old Single Cask #9100/13 Exceptional Cask #13,Soled Out,https://www.whiskyshop.com/macallan-2003-14-year-old-single-cask-9100-13-exceptional-cask-13
Glendronach 12 Year Old 1980s,Soled Out,https://www.whiskyshop.com/glendronach-12-year-old-1980s
GlenAllachie 10 Year Old Cask Strength Batch 6,Soled Out,https://www.whiskyshop.com/glenallachie-10yo-cask-strength-batch-6
Glenfarclas 1991 24 Year Old Distillery Exclusive,Soled Out,https://www.whiskyshop.com/glenfarclas-1991-24-year-old-distillery-exclusive
Benriach Tasting Triple Pack ,19.00,https://www.whiskyshop.com/benriach-tasting-pack
Tamdhu Distinction,Soled Out,https://www.whiskyshop.com/tamdhu-distinction
Old Malt Cask Tamdhu 14 Year Old,105.00,https://www.whiskyshop.com/tamdhu-14-year-old-old-malt-cask
Tamdhu Cigar Malt,Soled Out,https://www.whiskyshop.com/tamdhu-cigar-malt
Macallan 1991 25 Year Old Fine & Rare #7021,Soled Out,https://www.whiskyshop.com/macallan-1991-25-year-old-fine-rare-7021
Macallan 1976 29 Year Old Fine and Rare #11354,Soled Out,https://www.whiskyshop.com/macallan-1976-fine-and-rare-11354
Strathisla 1985 35 Year Old Private Collection,Soled Out,https://www.whiskyshop.com/strathisla-1985-private-collection
Mortlach 1978 Cask 992 Private Collection,Soled Out,https://www.whiskyshop.com/mortlach-1978-cask-992-private-collection
Glen Grant 1976 Private Collection,Soled Out,https://www.whiskyshop.com/glen-grant-1976-private-collection
Glenrothes 25 Year Old ,375.00,https://www.whiskyshop.com/glenrothes-25-year-old
Glenfiddich 40 Year Old Release No. 16,Soled Out,https://www.whiskyshop.com/glenfiddich-40-year-old-2021
Darkness Glenrothes 12 Year Old Oloroso Cask Finish ,Soled Out,https://www.whiskyshop.com/darkness-glenrothes-12-year-old-oloroso-cask-finish-61-3-50cl
Darkness Craigellachie 11 Year Old Oloroso Cask Finish ,Soled Out,https://www.whiskyshop.com/darkness-craigellachie-11-year-old-oloroso-cask-finish
Monkey Shoulder Fever Tree Gift Pack,Soled Out,https://www.whiskyshop.com/monkey-shoulder-fever-tree-gift-pack
Benromach 40 Year Old (2021 Release),Soled Out,https://www.whiskyshop.com/benromach-40-year-old
Dimensions Benriach 2008 12 Year Old,Soled Out,https://www.whiskyshop.com/dimensions-benriach-2008-12-year-old
Glen Elgin 12 Year Old Batch 5 That Boutique-y Whisky Company ,Soled Out,https://www.whiskyshop.com/glen-elgin-12-year-old-batch-5-that-boutique-y-whisky-company
Benrinnes 10 Year Old Batch 16 That Boutique-y Whisky Company,Soled Out,https://www.whiskyshop.com/benrinnes-10-year-old-that-boutique-y-whisky-company
The Octave Aultmore 2008 12 Year Old,Soled Out,https://www.whiskyshop.com/the-octave-aultmore-2008-12-year-old
Benromach 2012 Peat Smoke Sherry Cask Matured,Soled Out,https://www.whiskyshop.com/benromach-2012-peat-smoke-sherry-cask-matured
Gordon & MacPhail Tomintoul 1967 Rare Old,Soled Out,https://www.whiskyshop.com/tomintoul-1967-rare-old-gordon-macphail
Balvenie The Second Red Rose 21 Year Old,Soled Out,https://www.whiskyshop.com/balvenie-the-second-red-rose-21-year-old
Tormore 1994 26 Year Old Connoisseurs Choice Batch 21/097,Soled Out,https://www.whiskyshop.com/tormore-1994-26-year-old-connoisseurs-choice-batch-21-097
Gordon & MacPhail Linkwood 25 Year Old Distillery Label,Soled Out,https://www.whiskyshop.com/gordon-macphail-linkwood-25-year-old-distillery-label
Benromach 1977 #1266,Soled Out,https://www.whiskyshop.com/benromach-1977-1266
Speyburn 2008 12 Year Old Connoisseurs Choice Batch 21/093,Soled Out,https://www.whiskyshop.com/speyburn-2008-12-year-old-connoisseurs-choice-batch-21-093
Glentauchers 1995 25 Year Old Connoisseurs Choice Batch 21/096,Soled Out,https://www.whiskyshop.com/glentauchers-1995-25-year-old-connoisseurs-choice
The Octave An Iconic Speyside 2010 10 Year Old,Soled Out,https://www.whiskyshop.com/the-octave-iconic-speyside-2010-10-year-old
Balvenie 25 Year Old Rare Marriages,Soled Out,https://www.whiskyshop.com/balvenie-rare-marriages-25-year-old
Darkness Benrinnes 14 Year Old Pedro Ximinez Cask Finish,Soled Out,https://www.whiskyshop.com/darkness-benrinnes-14yo-px-cask-finish
Braes of Glenlivet 1975 Connoisseurs Choice,Soled Out,https://www.whiskyshop.com/braes-of-glenlivet-1975-connoisseurs-choice
Macallan Rare Cask 2021 Release,Soled Out,https://www.whiskyshop.com/macallan-rare-cask-2021-release
Glenlivet 1979 39 Year Old Gordon & MacPhail Archive,Soled Out,https://www.whiskyshop.com/glenlivet-1979-39-year-old-cask-19236-g-m-archive
Gordon & Macphail Glen Grant 1966 45 Year Old,Soled Out,https://www.whiskyshop.com/gordon-macphail-glen-grant-1966-45-year-old
Glenfarclas 185th Anniversary ,Soled Out,https://www.whiskyshop.com/glenfarclas-105-185th-anniversary
Gordon & MacPhail Smith's Glenlivet 1966 47 Year Old,Soled Out,https://www.whiskyshop.com/gordon-macphail-smith-s-glenlivet-1966-47-year-old
Glen Grant 1950 68 Year Old ,Soled Out,https://www.whiskyshop.com/glen-grant-1950-68-year-old
Gordon & Macphail Glen Grant 1962 43 Year Old Sherry Cask,Soled Out,https://www.whiskyshop.com/gordon-macphail-glen-grant-1962-43-year-old-sherry-cask
Glen Moray Warehouse 1 Tokaji Finish,Soled Out,https://www.whiskyshop.com/glen-moray-warehouse-1-tokaji-finish
Linkwood 1980 40 Year Old Private Collection ,Soled Out,https://www.whiskyshop.com/linkwood-1980-40-year-old-private-collection
Balvenie 50 Year Old Marriage #0614,Soled Out,https://www.whiskyshop.com/balvenie-50-year-old-cask-0614
Darkness Glen Elgin 12 Year Old Moscatel Cask,Soled Out,https://www.whiskyshop.com/darkness-glen-elgin-12-year-old-moscatel-cask
Darkness Caperdonich 24 Year Old Pedro Ximenez Cask,Soled Out,https://www.whiskyshop.com/darkness-caperdonich-24-year-old-pedro-ximenez-cask
Dimensions Linkwood 2009 12 Year Old,Soled Out,https://www.whiskyshop.com/dimensions-linkwood-2009-12-year-old
Darkness Balmenach 18 Year Old Moscatel Cask,Soled Out,https://www.whiskyshop.com/darkness-balmenach-18-year-old-moscatel-cask
Darkness Auchroisk 21 Year Old Moscatel Cask ,Soled Out,https://www.whiskyshop.com/darkness-auchroisk-21-year-old-moscatel-cask
Darkness Craigellachie 12 Year Old,Soled Out,https://www.whiskyshop.com/darkness-craigellachie-12-year-old
Balmenach 1987 32 Year Old Connoisseurs Choice,Soled Out,https://www.whiskyshop.com/balmenach-1987-32-year-old-connoisseurs-choice
Glenkeir Treasures Secret Speyside 15 Year Old,Soled Out,https://www.whiskyshop.com/glenkeir-treasures-secret-speyside-15-year-old
Macallan 12 Year Old Double Cask - Lunar New Year 2021,Soled Out,https://www.whiskyshop.com/macallan-12-year-old-double-cask-lunar-new-year-2021
Balvenie 21 Year Old Single Barrel,Soled Out,https://www.whiskyshop.com/balvenie-21-year-old-single-barrel
Glenfiddich 21 Year Old Chinese New Year Edition 2021,Soled Out,https://www.whiskyshop.com/glenfiddich-21-year-old-chinese-new-year-edition
Old Fashioned Cocktail Bundle,Soled Out,https://www.whiskyshop.com/old-fashioned-cocktail-bundle
The Glenlivet 1990 30 Year Old Connoisseurs Choice,Soled Out,https://www.whiskyshop.com/glenlivet-1990-connoisseurs-choice
Glen Moray 2006 Sauternes Cask,Soled Out,https://www.whiskyshop.com/glen-moray-2006-sauternes-cask-batch-1
GlenAllachie 2006 #6620,Soled Out,https://www.whiskyshop.com/glenallachie-2006-6620
GlenAllachie 21 Year Old Batch 1,Soled Out,https://www.whiskyshop.com/glenallachie-21-year-old-batch-1
Glendronach 2006 13 Year Old #5538 UK Exclusive,Soled Out,https://www.whiskyshop.com/glendronach-2006-13-year-old-5538-uk-exclusive
Glendronach 27 Year Old #182 Oloroso UK Exclusive Single Cask,Soled Out,https://www.whiskyshop.com/glendronach-27-year-old-182-oloroso-uk-exclusive-single-cask
Macallan Distil Your World: London,Soled Out,https://www.whiskyshop.com/macallan-distil-your-world-london
GlenAllachie 10 Year Old Cask Strength Batch 4,Soled Out,https://www.whiskyshop.com/glenallachie-10-year-old-cask-strength-batch-4
Darkness Caperdonich 23 Year Old 10188,Soled Out,https://www.whiskyshop.com/darkness-caperdonich-23-year-old-10188
Darkness Aultmore 22 Year Old 10358,Soled Out,https://www.whiskyshop.com/darkness-aultmore-22-year-old-10358
Macallan 78 Year Old Red Collection,Soled Out,https://www.whiskyshop.com/macallan-78-year-old-red-collection
Macallan 74 Year Old Red Collection,Soled Out,https://www.whiskyshop.com/macallan-74-year-old-red-collection
Macallan 60 Year Old Red Collection,Soled Out,https://www.whiskyshop.com/macallan-60-year-old-red-collection
Macallan 40 Year Old Red Collection,Soled Out,https://www.whiskyshop.com/macallan-40-year-old-red-collection
GlenAllachie 9 Year Old Rye Cask Finish,Soled Out,https://www.whiskyshop.com/glenallachie-9-year-old-rye-cask-finish
Macallan Edition No.6,Soled Out,https://www.whiskyshop.com/macallan-edition-no-6
Golden Cask Braes of Glenlivet 21 Year Old,Soled Out,https://www.whiskyshop.com/golden-cask-braes-of-glenlivet-21-year-old
GlenDronach Kingsman Edition 1989 Vintage,Soled Out,https://www.whiskyshop.com/glendronach-kingsman-edition-1989-vintage
Pittyvaich 30 Year Old Special Releases 2020,Soled Out,https://www.whiskyshop.com/pittyvaich-30-year-old-special-releases-2020
Cragganmore 20 Year Old Special Releases 2020,Soled Out,https://www.whiskyshop.com/cragganmore-20-year-old-special-releases-2020
Macallan 18 Year Old Double Cask,Soled Out,https://www.whiskyshop.com/macallan-18-year-old-double-cask
Macallan 15 Year Old Double Cask,Soled Out,https://www.whiskyshop.com/macallan-15-year-old-double-cask
Macallan 1954 47 Year Old Fine & Rare #1902,Soled Out,https://www.whiskyshop.com/macallan-1954-47-year-old-fine-rare
GlenAllachie 13 Year Old Spirit of Speyside Festival 2020,Soled Out,https://www.whiskyshop.com/glenallachie-spirit-of-speyside-2020
Glenallachie 2008 #508,Soled Out,https://www.whiskyshop.com/glenallachie-2008-508
Balvenie The Edge of Burnhead Wood 19 Year Old,265.00,https://www.whiskyshop.com/balvenie-the-edge-of-burnhead-wood-19-year-old
Macallan Rare Cask 2020 Release,Soled Out,https://www.whiskyshop.com/macallan-rare-cask-2020-release
Macallan 72 Year Old in Lalique,Soled Out,https://www.whiskyshop.com/macallan-72-year-old-in-lalique
Macallan Exceptional Single Cask 2019/ESB-14/03,Soled Out,https://www.whiskyshop.com/macallan-exceptional-single-cask-2019-esb-14-03
Glendronach 1992 27 Year Old #5852,Soled Out,https://www.whiskyshop.com/glendronach-1992-27-year-old-5852
Glenrothes 1992 2nd Edition,Soled Out,https://www.whiskyshop.com/glenrothes-1992-2nd-edition
Aberlour 1989 Dunnage Matured Millennium,Soled Out,https://www.whiskyshop.com/aberlour-1989-dunnage-matured-millennium
Macallan 12 Year Old Triple Cask Chinese New Year Twin Pack,Soled Out,https://www.whiskyshop.com/macallan-12-year-old-triple-cask-chinese-new-year-twin-pack
Tormore 31 Year Old Platinum Old & Rare,Soled Out,https://www.whiskyshop.com/tormore-31-year-old-platinum-old-rare
Linkwood 30 Year Old Platinum Old & Rare,Soled Out,https://www.whiskyshop.com/linkwood-30-year-old-platinum-old-rare
Glen Elgin 44 Year Old Platinum Old & Rare,Soled Out,https://www.whiskyshop.com/glen-elgin-44-year-old-platinum-old-rare
Glenburgie 44 Year Old Platinum Old & Rare,Soled Out,https://www.whiskyshop.com/glenburgie-44-year-old-platinum-old-rare
Braes of Glenlivet 30 Year Old Platinum Old & Rare,Soled Out,https://www.whiskyshop.com/braes-of-glenlivet-30-year-old-platinum-old-rare
Macallan 12 Year Old Triple Cask Gift Box,Soled Out,https://www.whiskyshop.com/macallan-12-year-old-triple-cask-gift-box
Singleton of Dufftown 12 Year Old Gift Set,Soled Out,https://www.whiskyshop.com/singleton-of-dufftown-12-year-old-gift-set
Old Malt Cask Craigellachie 11 Year Old,Soled Out,https://www.whiskyshop.com/old-malt-cask-craigellachie-11-year-old
Glenrothes Elders' Reserve 10cl,Soled Out,https://www.whiskyshop.com/glenrothes-elders-reserve-10cl
Glenrothes 2004,Soled Out,https://www.whiskyshop.com/glenrothes-2004
Glenrothes 1995,Soled Out,https://www.whiskyshop.com/glenrothes-1995
BenRiach 10 Year Old Gift Set,Soled Out,https://www.whiskyshop.com/benriach-10-year-old-gift-set
Glenrothes 40 Year Old,Soled Out,https://www.whiskyshop.com/glenrothes-40-year-old
Macallan Rare Cask Batch No.2 2019 Release,Soled Out,https://www.whiskyshop.com/macallan-rare-cask-batch-no-2-2019-release
Pittyvaich 29 Year Old Special Releases 2019,Soled Out,https://www.whiskyshop.com/pittyvaich-29-year-old-special-releases-2019
Mortlach 26 Year Old Special Releases 2019,Soled Out,https://www.whiskyshop.com/mortlach-26-year-old-special-releases-2019
Singleton of Glen Ord 18 Year Old Special Releases 2019,Soled Out,https://www.whiskyshop.com/singleton-of-glen-ord-18-year-old-special-releases-2019
Macallan 50 Year Old,Soled Out,https://www.whiskyshop.com/macallan-50-year-old
Glendronach 1993 26 Year Old #7434,Soled Out,https://www.whiskyshop.com/glendronach-1993-26-year-old-7434
Tamnavulin 33 Year Old The Stillman's Dram,Soled Out,https://www.whiskyshop.com/tamnavulin-33-year-old-the-stillman-s-dram
Glen Moray 21 Year Old,120.00,https://www.whiskyshop.com/glen-moray-21-year-old
Macallan Edition No.5,Soled Out,https://www.whiskyshop.com/macallan-edition-no-5
GlenDronach Cask Strength Batch 8,Soled Out,https://www.whiskyshop.com/glendronach-cask-strength-batch-8
The Loch Fyne Glentauchers 11 Year Old,Soled Out,https://www.whiskyshop.com/the-loch-fyne-glentauchers-11-year-old
GlenAllachie 25 Year Old,Soled Out,https://www.whiskyshop.com/glenallachie-25-year-old
GlenAllachie 12 Year Old,48.00,https://www.whiskyshop.com/glenallachie-12-year-old
GlenAllachie 10 Year Old Cask Strength Batch 2,Soled Out,https://www.whiskyshop.com/glenallachie-10-year-old-cask-strength-batch-2
Distiller's Art Braeval 13 Year Old,Soled Out,https://www.whiskyshop.com/distillers-art-braeval-13-year-old
GlenDronach Cask Strength Batch 6,Soled Out,https://www.whiskyshop.com/glendronach-cask-strength-batch-6
First Editions Inchgower 2008 20cl,Soled Out,https://www.whiskyshop.com/first-editions-inchgower-2008-20cl
First Editions Benrinnes 2010 8 Year Old 20cl,Soled Out,https://www.whiskyshop.com/first-editions-benrinnes-2010-20cl
Aultmore 21 Year Old,186.00,https://www.whiskyshop.com/aultmore-21-year-old
Glenkeir Treasures Speyburn 10 Year Old,Soled Out,https://www.whiskyshop.com/glenkeir-treasures-speyburn-10-year-old
BenRiach Batch 16 1985 #7214,Soled Out,https://www.whiskyshop.com/benriach-batch-16-1985-7214
Macallan 30 Year Old Sherry Oak (Old style),Soled Out,https://www.whiskyshop.com/macallan-30-year-old-sherry-oak-old-style
Macallan 10 Year Old Sherry Oak,Soled Out,https://www.whiskyshop.com/macallan-10-year-old-sherry-oak-1
Macallan Genesis,Soled Out,https://www.whiskyshop.com/macallan-genesis
First Editions Craigellachie 2008 10 Year Old,Soled Out,https://www.whiskyshop.com/first-editions-craigellachie-2008
First Editions Inchgower 2008 10 Year Old,Soled Out,https://www.whiskyshop.com/first-editions-inchgower-2008-10-year-old
GlenDronach Port Wood 10 Year Old,Soled Out,https://www.whiskyshop.com/glendronach-port-wood-10-year-old
Balvenie A Day of Dark Barley 26 Year Old,Soled Out,https://www.whiskyshop.com/balvenie-a-day-of-dark-barley-26-year-old
GlenDronach 12 Year Old Walker Slater Pack,Soled Out,https://www.whiskyshop.com/glendronach-12-year-old-walker-slater
Macallan Estate,Soled Out,https://www.whiskyshop.com/macallan-estate
The Last Drop Glenrothes 1969 #16207,Soled Out,https://www.whiskyshop.com/the-last-drop-glenrothes-1969-16207
Singleton of Glendullan Reserve - Game of Thrones House Tully,Soled Out,https://www.whiskyshop.com/singleton-of-glendullan-reserve-game-of-thrones-house-tully
Cardhu Gold Reserve - Game of Thrones House Targaryen,Soled Out,https://www.whiskyshop.com/cardhu-gold-reserve-game-of-thrones-house-targaryen
GlenDronach 1992 26 Year Old The Whisky Shop Exclusive,Soled Out,https://www.whiskyshop.com/glendronach-1992-26-year-old-the-whisky-shop-exclusive
Old Malt Cask Mortlach 11 Year Old,Soled Out,https://www.whiskyshop.com/old-malt-cask-mortlach-11-year-old
Macallan Archival Series Folio 3,Soled Out,https://www.whiskyshop.com/macallan-archival-series-folio-3
BenRiach 2005 Whisky Shop Exclusive ,Soled Out,https://www.whiskyshop.com/benriach-2005-whisky-shop-exclusive
GlenDronach Master Vintage 1993 25 Year Old,Soled Out,https://www.whiskyshop.com/glendronach-master-vintage-1993-25-year-old
Macallan 1952 50 Year Old (Cask 627) Fine & Rare,Soled Out,https://www.whiskyshop.com/macallan-1952-50-year-old-cask-627-fine-rare
Macallan 1937 32 Year Old Fine & Rare,Soled Out,https://www.whiskyshop.com/macallan-1937-32-year-old-fine-rare
Macallan 1938 31 Year Old Fine & Rare,Soled Out,https://www.whiskyshop.com/macallan-1938-31-year-old-fine-rare
Macallan 1946 56 Year Old (Cask 46/3M) Fine & Rare,Soled Out,https://www.whiskyshop.com/macallan-1946-56-year-old-cask-46-3m-fine-rare
Macallan 1947 15 Year Old Fine & Rare,Soled Out,https://www.whiskyshop.com/macallan-1947-15-year-old-fine-rare
Balvenie 1999 DCS Chapter 4,Soled Out,https://www.whiskyshop.com/balvenie-1999-dcs-chapter-4
BenRiach 12 Year Old Sherry Wood ,49.00,https://www.whiskyshop.com/benriach-12-year-old-sherry-wood
First Editions Craigellachie 2008 Manager's Special,Soled Out,https://www.whiskyshop.com/first-editions-craigellachie-managers-special
Macallan 26 Year Old Platinum Old & Rare,Soled Out,https://www.whiskyshop.com/macallan-26-year-old-platinum-old-rare
First Editions Balmenach 10yo ,Soled Out,https://www.whiskyshop.com/first-editions-balmenach-10yo
Glenkeir Treasures Aultmore 7 Year Old,Soled Out,https://www.whiskyshop.com/glenkeir-treasures-aultmore-7-year-old
Mortlach 8 year old GlenKeir Treasure,Soled Out,https://www.whiskyshop.com/mortlach-8-year-old-glenkeir-treasure
The GlenDronach Kingsman Edition 1991 Vintage,Soled Out,https://www.whiskyshop.com/the-glendronach-kingsman-edition-1991-vintage
Glenkeir Treasures Craigellachie 9 Year Old,Soled Out,https://www.whiskyshop.com/glenkeir-treasures-craigellachie-9-year-old
Macallan 1940 35 Year Old Fine & Rare,Soled Out,https://www.whiskyshop.com/macallan-1940-35-year-old-fine-rare
Balvenie 1972 DCS Chapter 2,Soled Out,https://www.whiskyshop.com/balvenie-1972-dcs-chapter-2
The Singleton of Dufftown Spey Cascade,Soled Out,https://www.whiskyshop.com/the-singleton-of-dufftown-spey-cascade
BenRiach 17 Year Old Pedro Ximenez Sherry Wood,Soled Out,https://www.whiskyshop.com/benriach-17-year-old-pedro-ximenez-sherry-wood
GlenDronach 14 Year Old Virgin Oak,Soled Out,https://www.whiskyshop.com/glendronach-14-year-old-virgin-oak
The Glenlivet Cipher,Soled Out,https://www.whiskyshop.com/the-glenlivet-cipher
Benromach 35 Year Old,Soled Out,https://www.whiskyshop.com/benromach-35-year-old
Inchgower 8 Year Old Douglas of Drumlanrig,Soled Out,https://www.whiskyshop.com/inchgower-8-year-old-douglas-of-drumlanrig
Lochside 52 Year Old Sovereign ,Soled Out,https://www.whiskyshop.com/lochside-52-year-old-sovereign
Glendronach 19 year old Madeira Cask,Soled Out,https://www.whiskyshop.com/glendronach-19-year-old-madeira-cask
Glendronach Peated Cask ,Soled Out,https://www.whiskyshop.com/glendronach-peated-cask
Balvenie 1968 DCM bottling 46 year old,Soled Out,https://www.whiskyshop.com/balvenie-1968-dcm-bottling-46-year-old
Glenfarclas 2000 Gift Box Set ,Soled Out,https://www.whiskyshop.com/glenfarclas-2000-gift-box-set
Dailuaine 1980 34 year old Special Release 2015,Soled Out,https://www.whiskyshop.com/dailuaine-1980-34-year-old-special-release-2015
The Cally 1974 'Caledonian' 40 Year Old 2015 Special Release,830.00,https://www.whiskyshop.com/the-cally-1974-caledonian-40-year-old-2015-special-release
The Macallan M,Soled Out,https://www.whiskyshop.com/the-macallan-m
BenRiach 'Latada' 18 Year Old Peated Madeira  Finish,Soled Out,https://www.whiskyshop.com/benriach-latada-18-year-old-peated-madeira-finish
Glenrothes Select Reserve,Soled Out,https://www.whiskyshop.com/glenrothes-select-reserve
Aultmore 7 year old ,Soled Out,https://www.whiskyshop.com/aultmore-7-year-old
Glenrothes Vintage Reserve ,Soled Out,https://www.whiskyshop.com/glenrothes-vintage-reserve
Macallan Ruby,Soled Out,https://www.whiskyshop.com/macallan-ruby
Macallan Masters of Photography: Mario Testino Edition: Purple Print,Soled Out,https://www.whiskyshop.com/macallan-masters-of-photography-mario-testino-edition-purple-print
Macallan Masters of Photography: Mario Testino Edition: Green Print ,Soled Out,https://www.whiskyshop.com/macallan-masters-of-photography-mario-testino-edition-green-print
BenRiach 35 year old ,Soled Out,https://www.whiskyshop.com/benriach-35-year-old
BenRiach 10th Anniversary 10 year old ,Soled Out,https://www.whiskyshop.com/benriach-10th-anniversary-10-year-old
Glenkeir Treasures Inchgower 6 year old 10cl,Soled Out,https://www.whiskyshop.com/glenkeir-treasures-inchgower-6-year-old
Glenfarclas 1966 Fino Cask,Soled Out,https://www.whiskyshop.com/glenfarclas-1966-fino-cask
The Glenlivet 50 year old Winchester Collection 1964,Soled Out,https://www.whiskyshop.com/the-glenlivet-50-year-old-winchester-collection-1964
Benrinnes 21 year old 2014 Special Release,Soled Out,https://www.whiskyshop.com/benrinnes-21-year-old-2014-special-release
Cragganmore 25 Year Old 2014 Special Release,Soled Out,https://www.whiskyshop.com/cragganmore-25-year-old-2014-special-release
Glenfiddich 19 Year Old Age of Discovery Bourbon Cask Reserve ,Soled Out,https://www.whiskyshop.com/glenfiddich-19-year-old-age-of-discovery-bourbon-cask-reserve
Glenfarclas 1966,"3,999.00",https://www.whiskyshop.com/glenfarclas-1966
Old Malt Cask Inchgower 20 Year Old,Soled Out,https://www.whiskyshop.com/old-malt-cask-inchgower-20-year-old
Glenfarclas 1990,Soled Out,https://www.whiskyshop.com/glenfarclas-1990
Balvenie Tun 1509,Soled Out,https://www.whiskyshop.com/balvenie-tun-1509
Benromach 1977,Soled Out,https://www.whiskyshop.com/benromach-1977
GlenDronach 15 Year Old Revival,67.00,https://www.whiskyshop.com/glendronach-revival-15-year-old
Glenfarclas 1996 ,350.00,https://www.whiskyshop.com/glenfarclas-1996
The Glenfarclas Whisky Advent Calendar 2018,Soled Out,https://www.whiskyshop.com/the-glenfarclas-whisky-advent-calendar-2018
Glenfarclas 1985 ,Soled Out,https://www.whiskyshop.com/glenfarclas-1985
Glenfarclas 1972 ,"2,700.00",https://www.whiskyshop.com/glenfarclas-1972
Macallan Archival Series Folio 2,Soled Out,https://www.whiskyshop.com/macallan-archival-series-folio-2
Macallan 30 Year Old Sherry Oak 2020,Soled Out,https://www.whiskyshop.com/macallan-30-year-old-sherry-oak-2020
Glenfarclas 1969,"3,999.00",https://www.whiskyshop.com/glenfarclas-1969
Glenfarclas 1964,"3,999.00",https://www.whiskyshop.com/glenfarclas-1964
Macallan 10 Year Old Sherry Oak (Old bottling),Soled Out,https://www.whiskyshop.com/macallan-10-year-old-sherry-oak
Craigellachie 31 Year Old,Soled Out,https://www.whiskyshop.com/craigellachie-31-year-old
First Editions Inchgower 2008 10 Year Old (2018),Soled Out,https://www.whiskyshop.com/first-editions-inchgower-2008-8-year-old-2018
Glenfarclas 1958,Soled Out,https://www.whiskyshop.com/glenfarclas-1958
Glenfiddich 18 Year Old 5cl,9.00,https://www.whiskyshop.com/glenfiddich-18-year-old-5cl
Inchgower 27 Year Old 2018 Special Release,Soled Out,https://www.whiskyshop.com/inchgower-27-year-old-2018-special-release
GlenDronach Cask Strength Batch 7,Soled Out,https://www.whiskyshop.com/glendronach-cask-strength-batch-7
Glenfiddich 15 Year Old Solera 5cl,8.25,https://www.whiskyshop.com/glenfiddich-15-year-old-solera-5cl
Singleton of Dufftown 12 Year Old 5cl,Soled Out,https://www.whiskyshop.com/singleton-of-dufftown-12-year-old-5cl
Glenfiddich Winter Storm Batch 2,Soled Out,https://www.whiskyshop.com/glenfiddich-winter-storm-batch-2
Balvenie Tun 1509 Batch 5,Soled Out,https://www.whiskyshop.com/balvenie-tun-1509-batch-5
Macallan 15 Year Old Triple Cask,Soled Out,https://www.whiskyshop.com/macallan-15-year-old-triple-cask
The Glenlivet Triple Pack 3 x 20cl,Soled Out,https://www.whiskyshop.com/the-glenlivet-triple-pack-3-x-20cl
Glenfarclas 10 year old 35cl,Soled Out,https://www.whiskyshop.com/glenfarclas-10-year-old-35cl
Macallan 12 Year Old Triple Cask,Soled Out,https://www.whiskyshop.com/macallan-12-year-old-triple-cask
BenRiach 21 Year Old Temporis,138.00,https://www.whiskyshop.com/benriach-21-year-old-temporis
Aberlour 10 Year Old ,Soled Out,https://www.whiskyshop.com/aberlour-10-year-old
The Glenlivet Guardians Chapter,Soled Out,https://www.whiskyshop.com/the-glenlivet-guardians-chapter
BenRiach 21 Year Old,138.00,https://www.whiskyshop.com/benriach-21-year-old
First Editions Miltonduff 2009,Soled Out,https://www.whiskyshop.com/first-editions-miltonduff-2009
Cardhu Special Cask Reserve ,Soled Out,https://www.whiskyshop.com/cardhu-special-cask-reserve
Aberlour 16 Year Old ,Soled Out,https://www.whiskyshop.com/aberlour-16-year-old
Avonside Glenlivet 1938 35 Year Old,Soled Out,https://www.whiskyshop.com/avonside-glenlivet-1938-35-year-old
The Glenlivet 25 Year Old,Soled Out,https://www.whiskyshop.com/the-glenlivet-25-year-old
Banff 40 Year Old Platinum Old and Rare,Soled Out,https://www.whiskyshop.com/banff-40-year-old-platinum-old-and-rare
Longmorn 16 year old ,Soled Out,https://www.whiskyshop.com/longmorn-16-year-old
The Glenlivet Nadurra 16 Year Old ,Soled Out,https://www.whiskyshop.com/the-glenlivet-nadurra-16-year-old
Old Malt Cask Tamnavulin 22 Year Old,Soled Out,https://www.whiskyshop.com/old-malt-cask-tamnavulin-22-year-old
Old Malt Cask Linkwood 19 Year Old,Soled Out,https://www.whiskyshop.com/old-malt-cask-linkwood-19-year-old
Glenfiddich Gift Pack 3 x 20cl With Glass,Soled Out,https://www.whiskyshop.com/glenfiddich-gift-pack-3-x-20cl-with-glass
Glenfiddich 15 Year Old Distillery Edition ,Soled Out,https://www.whiskyshop.com/glenfiddich-15-year-old-distillery-edition
Glenfiddich 12 Year Old 5cl,6.99,https://www.whiskyshop.com/glenfiddich-12-year-old-5cl
Linkwood 37 Year Old 2016 Special Release ,Soled Out,https://www.whiskyshop.com/linkwood-37-year-old
Glenfarclas 105 35cl,Soled Out,https://www.whiskyshop.com/glenfarclas-105-35cl
Glen Spey 1996 Managers Choice,Soled Out,https://www.whiskyshop.com/glen-spey-1996-managers-choice
BenRiach 21 Year Old Tawny Port Wood Finish,Soled Out,https://www.whiskyshop.com/benriach-21-year-old-tawny-port-wood-finish
Glenfiddich 50 Year Old,Soled Out,https://www.whiskyshop.com/glenfiddich-50-year-old
BenRiach 25 year old Authenticus ,Soled Out,https://www.whiskyshop.com/benriach-25-year-old-authenticus
BenRiach 10 Year Old Curiositas,Soled Out,https://www.whiskyshop.com/benriach-10-year-old-curiositas
Glenfarclas 15 Year Old,Soled Out,https://www.whiskyshop.com/glenfarclas-15-year-old
BenRiach 22 Year Old Moscatel Finish,Soled Out,https://www.whiskyshop.com/benriach-22-year-old-moscatel-finish
The Glenlivet 21 Year Old ,Soled Out,https://www.whiskyshop.com/the-glenlivet-21-year-old
The Glenlivet 15 Year Old 5cl,6.00,https://www.whiskyshop.com/glenlivet-15-year-old-5cl
Glenfarclas 15 Year Old 5cl,Soled Out,https://www.whiskyshop.com/glenfarclas-15-year-old-5cl
Glenfarclas Mini Pack 3 x 5cl,33.00,https://www.whiskyshop.com/glenfarclas-miniature-pack
Macallan 18 Year Old Triple Cask ,Soled Out,https://www.whiskyshop.com/macallan-18-year-old-triple-cask
Glenfarclas 105 5cl,Soled Out,https://www.whiskyshop.com/glenfarclas-105-5cl
Glenfarclas 10 Year Old 5cl,Soled Out,https://www.whiskyshop.com/glenfarclas-10-year-old-5cl
Glenfarclas 40 year old ,Soled Out,https://www.whiskyshop.com/glenfarclas-40-year-old
Macallan Edition No.4,Soled Out,https://www.whiskyshop.com/macallan-edition-4-whisky
GlenDronach 18 Year Old 5cl,16.00,https://www.whiskyshop.com/glendronach-18-year-old-5cl
GlenDronach 15 Year Old 5cl,Soled Out,https://www.whiskyshop.com/glendronach-15-year-old-5cl
Macallan Gold Double Cask,Soled Out,https://www.whiskyshop.com/macallan-gold-double-cask
Macallan Anniversary Malt 25 Year Old,Soled Out,https://www.whiskyshop.com/macallan-25-year-old-anniversary-malt-70cl
GlenDronach Grandeur Batch 9 24 Year Old,Soled Out,https://www.whiskyshop.com/glendronach-grandeur-batch-9-24-year-old
GlenDronach 12 Year Old 5cl,5.00,https://www.whiskyshop.com/glendronach-12-year-old-5cl
BenRiach 20 Year Old 20cl,Soled Out,https://www.whiskyshop.com/benriach-20-year-old-20cl
Glenfarclas 1986 Refill Sherry Butts V,Soled Out,https://www.whiskyshop.com/glenfarclas-1986-refill-sherry-butts-v
BenRiach 12 Year Old 5cl,Soled Out,https://www.whiskyshop.com/benriach-12-year-old-5cl
BenRiach 10 year old Curiositas 5cl,8.00,https://www.whiskyshop.com/benriach-10-year-old-curiositas-5cl
GlenDronach Peated Port Wood ,Soled Out,https://www.whiskyshop.com/glendronach-peated-port-wood
Macallan 15 Year Old Fine Oak,Soled Out,https://www.whiskyshop.com/macallan-15-year-old-fine-oak
Macallan Gold Gift Box,Soled Out,https://www.whiskyshop.com/macallan-gold-gift-box
Balvenie 12 Year Old DoubleWood 5cl,6.00,https://www.whiskyshop.com/balvenie-12-year-old-doublewood-5cl
Macallan Rare Cask Batch No.1 2019 Release,Soled Out,https://www.whiskyshop.com/macallan-rare-cask-batch-no-1-2019-release
GlenDronach Grandeur Batch 10 27 Year Old,Soled Out,https://www.whiskyshop.com/glendronach-grandeur-batch-10-27-year-old
BenRiach Batch 13 1986 30 Year Old,Soled Out,https://www.whiskyshop.com/benriach-batch-13-1986-30-year-old
Macallan 12 Year Old Sherry Oak Limited Edition Gift Tin,Soled Out,https://www.whiskyshop.com/macallan-12-year-old-sherry-oak-limited-edition-gift-pack
Macallan Rare Cask Batch No.3,Soled Out,https://www.whiskyshop.com/macallan-rare-cask-batch-no-3
The Glenlivet Nadurra Oloroso Cask Finish,63.00,https://www.whiskyshop.com/the-glenlivet-nadurra-oloroso-cask-finish
Glenfarclas 21 year old with Ian Buxton's 101 World Whiskies to Try Before You Die,Soled Out,https://www.whiskyshop.com/glenfarclas-21-year-old-with-ian-buxton-s-101-world-whiskies-to-try-before-you-die
Macallan Edition No.3,Soled Out,https://www.whiskyshop.com/macallan-edition-no-3
Macallan Easter Elchies Black 2018,Soled Out,https://www.whiskyshop.com/macallan-easter-elchies-black
Glenrothes 12 Year Old,42.00,https://www.whiskyshop.com/glenrothes-12-year-old
Macallan 18 Year Old 1982,Soled Out,https://www.whiskyshop.com/macallan-18-year-old-1982
BenRiach 25 Year Old Platinum Old & Rare,Soled Out,https://www.whiskyshop.com/benriach-25-year-old-platinum-old-rare
GlenDronach 14 Year Old Marsala Cask Finish,Soled Out,https://www.whiskyshop.com/glendronach-14-year-old-marsala-cask-finish
Macallan 12 Year Old Double Cask Gift Box,Soled Out,https://www.whiskyshop.com/macallan-12-year-old-double-cask-gift-box
Macallan 12 Year Old Double Cask Gift Tin,Soled Out,https://www.whiskyshop.com/macallan-12-year-old-double-cask-gift-tin
Glenfiddich Snow Phoenix,Soled Out,https://www.whiskyshop.com/glenfiddich-snow-phoenix
BenRiach Cask Strength Batch 1,Soled Out,https://www.whiskyshop.com/benriach-cask-strength-batch-1
GlenDronach 12 Year Old Sauternes Finish,Soled Out,https://www.whiskyshop.com/glendronach-12-year-old-sauternes-finish
Macallan 12 Year Old Double Cask,61.00,https://www.whiskyshop.com/macallan-12-year-old-double-cask
Macallan 18 Year Old Sherry Oak 2020, 550.00,https://www.whiskyshop.com/macallan-18-year-old-sherry-oak-2020
The Macallan 18 Year Old Fine Oak,Soled Out,https://www.whiskyshop.com/the-macallan-18-year-old-fine-oak
Glenfiddich The Family Collection 3x5cl,Soled Out,https://www.whiskyshop.com/glenfiddich-the-family-collection-3x5cl
Macallan 12 Year Old Fine Oak,Soled Out,https://www.whiskyshop.com/macallan-12-year-old-fine-oak
Glenfiddich 15 Year Old Gift Set,Soled Out,https://www.whiskyshop.com/glenfiddich-15-year-old-gift-set
Glenfiddich 21 Year Old 20cl,50.00,https://www.whiskyshop.com/glenfiddich-21-year-old-20cl
Macallan Reflexion,Soled Out,https://www.whiskyshop.com/the-macallan-reflexion
Glenfiddich IPA Experiment,Soled Out,https://www.whiskyshop.com/glenfiddich-ipa-experiment
Aberlour A'bunadh,80.00,https://www.whiskyshop.com/aberlour-abunadh
The Glenlivet Code,Soled Out,https://www.whiskyshop.com/the-glenlivet-code
Balvenie Tun 1509 Batch 2,Soled Out,https://www.whiskyshop.com/balvenie-tun-1509-batch-2
Glenfarclas 60 year old ,Soled Out,https://www.whiskyshop.com/glenfarclas-60-year-old
Glenfiddich Project XX,49.00,https://www.whiskyshop.com/glenfiddich-project-xx
Macallan Sienna,Soled Out,https://www.whiskyshop.com/macallan-sienna
The Glenlivet Nadurra Peated,72.00,https://www.whiskyshop.com/the-glenlivet-nadurra-peated
Glenrothes Peated Cask Reserve,Soled Out,https://www.whiskyshop.com/glenrothes-peated-cask-reserve
Glenfiddich 26 Year Old Excellence ,399.00,https://www.whiskyshop.com/glenfiddich-excellence-26-year-old
Mortlach 25 year old,Soled Out,https://www.whiskyshop.com/mortlach-25-year-old
Macallan Amber Limited Edition Gift Pack,Soled Out,https://www.whiskyshop.com/macallan-amber-limited-edition-gift-pack
Macallan 30 year old Fine Oak,Soled Out,https://www.whiskyshop.com/macallan-30-year-old-fine-oak
Glenfiddich 40 Year Old Release No. 6,Soled Out,https://www.whiskyshop.com/glenfiddich-40-year-old
Glenfarclas 25 year old ,Soled Out,https://www.whiskyshop.com/glenfarclas-25-year-old
Balvenie 40 Year Old,Soled Out,https://www.whiskyshop.com/balvenie-40-year-old
Old Malt Cask Craigellachie 21 Year Old,Soled Out,https://www.whiskyshop.com/old-malt-cask-craigellachie-21-year-old
Benromach Peat Smoke,Soled Out,https://www.whiskyshop.com/benromach-peat-smoke
Hepburn's Choice Dailuaine 8 Year Old 20cl,Soled Out,https://www.whiskyshop.com/hepburn-s-choice-dailuaine-8-year-old-20cl
Old Malt Cask Craigellachie 20 Year Old 20cl,Soled Out,https://www.whiskyshop.com/old-malt-cask-craigellachie-20-year-old-20cl
Old Malt Cask Aberlour 21 Year Old,Soled Out,https://www.whiskyshop.com/old-malt-cask-aberlour-21-year-old
Glenfarclas 21 year old ,Soled Out,https://www.whiskyshop.com/glenfarclas-21-year-old
Mortlach 18 year old,Soled Out,https://www.whiskyshop.com/mortlach-18-year-old
Balvenie 25 year old Single Barrel,Soled Out,https://www.whiskyshop.com/balvenie-25-year-old-single-barrel
Old Malt Cask Glen Moray 22 Year Old,Soled Out,https://www.whiskyshop.com/old-malt-cask-glen-moray-22-year-old
Glenfiddich The Original,Soled Out,https://www.whiskyshop.com/glenfiddich-the-original
The Loch Fyne Glenrothes 12 Year Old,Soled Out,https://www.whiskyshop.com/the-loch-fyne-glenrothes-12-year-old
First Editions Mortlach 2007,Soled Out,https://www.whiskyshop.com/first-editions-mortlach-2007
Singleton of Dufftown Tailfire,Soled Out,https://www.whiskyshop.com/singleton-of-dufftown-tailfire
BenRiach 20 Year Old,Soled Out,https://www.whiskyshop.com/benriach-20-year-old
Balvenie 21 Year Old PortWood,Soled Out,https://www.whiskyshop.com/balvenie-21-year-old-portwood
Old Malt Cask Benrinnes 19 Year Old,Soled Out,https://www.whiskyshop.com/old-malt-cask-benrinnes-19-year-old
Glen Moray 25 Year Old,181.00,https://www.whiskyshop.com/glen-moray-25-year-old
Singleton of Dufftown Sunray ,Soled Out,https://www.whiskyshop.com/singleton-of-dufftown-sunray
Macallan 21 Year Old Fine Oak,Soled Out,https://www.whiskyshop.com/macallan-21-year-old-fine-oak
Cardhu 12 Year Old Gift Set,Soled Out,https://www.whiskyshop.com/cardhu-12-year-old-gift-set
Glenfiddich 18 Year Old,75.00,https://www.whiskyshop.com/glenfiddich-18-year-old-small-batch
Glendronach Parliament 21 Year Old 2021,199.00,https://www.whiskyshop.com/glendronach-parliament-21-year-old
Craigellachie 23 Year Old,Soled Out,https://www.whiskyshop.com/craigellachie-23-year-old
Balvenie 17 Year Old DoubleWood,Soled Out,https://www.whiskyshop.com/balvenie-17-year-old-doublewood
Mortlach 8 Year Old Douglas of Drumlanrig,Soled Out,https://www.whiskyshop.com/mortlach-8-year-old-douglas-of-drumlanrig
Longmorn Distiller's Choice,Soled Out,https://www.whiskyshop.com/longmorn-distiller-s-choice
The Loch Fyne Aultmore 10 Year Old,Soled Out,https://www.whiskyshop.com/the-loch-fyne-aultmore-10-year-old
Glenrothes Sherry Cask Reserve,Soled Out,https://www.whiskyshop.com/glenrothes-sherry-cask-reserve
BenRiach 16 year old,Soled Out,https://www.whiskyshop.com/benriach-16-year-old
